url,registrable,url_length,url_entropy,num_subdomains,is_idn,has_repeated_digits,mixed_script,domain_age_days,is_newly_registered,is_very_new,registrar,country,days_until_expiry,is_self_signed,cert_age_days,has_credential_form,form_count,password_fields,email_fields,has_suspicious_forms,suspicious_form_count,keyword_count,html_size,external_links,iframe_count,js_obfuscated,js_keylogger,js_form_manipulation,js_eval_usage,js_risk_score,redirect_count,had_redirects,a_count,mx_count,ns_count,favicon_md5,favicon_sha256
https://kotakbank.com/,kotakbank.com,22,3.6292,0,0,0,0,9999,0,0,,,0,0,999,0,1,0,0,0,0,0,58288,6,0,1,0,0,0,0,4,1,0,0,0,def00c11b1596db4efee6a9fbe64fc27,95c427fa3143b1896faf42a6406686ce7602cb39052081bb32d12b51c9e047e4
,yonosbi.sbi,0,0.0,0,0,0,0,9999,0,0,,,0,0,999,0,0,0,0,0,0,0,0,0,0,0,0,0,0,0,0,0,0,0,0,,
,iciciforexservices.com,0,0.0,0,0,0,0,9999,0,0,,,0,0,999,0,0,0,0,0,0,0,0,0,0,0,0,0,0,0,0,0,0,0,0,,
,onlinesbi.com,0,0.0,0,0,0,0,9999,0,0,,,0,0,999,0,0,0,0,0,0,0,0,0,0,0,0,0,0,0,0,0,0,0,0,,
,yesbank.co.in,0,0.0,0,0,0,0,9999,0,0,,,0,0,999,0,0,0,0,0,0,0,0,0,0,0,0,0,0,0,0,0,0,0,0,,
,viijayabank.com,0,0.0,0,0,0,0,9999,0,0,,,0,0,999,0,0,0,0,0,0,0,0,0,0,0,0,0,0,0,0,0,0,0,0,,
,corpbank.com,0,0.0,0,0,0,0,9999,0,0,,,0,0,999,0,0,0,0,0,0,0,0,0,0,0,0,0,0,0,0,0,0,0,0,,
,syndicatebank.in,0,0.0,0,0,0,0,9999,0,0,,,0,0,999,0,0,0,0,0,0,0,0,0,0,0,0,0,0,0,0,0,0,0,0,,
,.nic.in,0,0.0,0,0,0,0,9999,0,0,,,0,0,999,0,0,0,0,0,0,0,0,0,0,0,0,0,0,0,0,0,0,0,0,,
,pmo.gov.in,0,0.0,0,0,0,0,434,0,0,National Informatics Centre,,295,0,999,0,0,0,0,0,0,0,0,0,0,0,0,0,0,0,0,0,0,3,4,,
,incometax.gov.in,0,0.0,0,0,0,0,8111,0,0,National Informatics Centre,,289,0,999,0,0,0,0,0,0,0,0,0,0,0,0,0,0,0,0,0,0,13,2,,
,vi.in,0,0.0,0,0,0,0,9999,0,0,,,0,0,999,0,0,0,0,0,0,0,0,0,0,0,0,0,0,0,0,0,0,0,0,,
,passportindia.gov.in,0,0.0,0,0,0,0,6024,0,0,National Informatics Centre,IN,184,0,999,0,0,0,0,0,0,0,0,0,0,0,0,0,0,0,0,0,4,3,4,,
,nseindia.com,0,0.0,0,0,0,0,9920,0,0,BigRock Solutions Ltd,IN,2862,0,999,0,0,0,0,0,0,0,0,0,0,0,0,0,0,0,0,0,2,0,8,,
,coalindia.in,0,0.0,0,0,0,0,6632,0,0,Gandi SAS,,307,0,999,0,0,0,0,0,0,0,0,0,0,0,0,0,0,0,0,0,0,1,4,,
,isro.gov.in,0,0.0,0,0,0,0,7547,0,0,National Informatics Centre,,122,0,999,0,0,0,0,0,0,0,0,0,0,0,0,0,0,0,0,0,0,2,6,,
,upi.org.in,0,0.0,0,0,0,0,489,0,0,HIOX SOFTWARES PRIVATE LIMITED,,240,0,999,0,0,0,0,0,0,0,0,0,0,0,0,0,0,0,0,0,0,0,0,,
,bbps.org.in,0,0.0,0,0,0,0,3767,0,0,Net 4 India Limited,,250,0,999,0,0,0,0,0,0,0,0,0,0,0,0,0,0,0,0,0,0,0,0,,
,india.gov.in,0,0.0,0,0,0,0,7323,0,0,National Informatics Centre,IN,346,0,999,0,0,0,0,0,0,0,0,0,0,0,0,0,0,0,0,0,1,3,4,,
,redbus.in,0,0.0,0,0,0,0,9999,0,0,,,0,0,999,0,0,0,0,0,0,0,0,0,0,0,0,0,0,0,0,0,0,0,0,,
,zomato.com,0,0.0,0,0,0,0,9999,0,0,,,0,0,999,0,0,0,0,0,0,0,0,0,0,0,0,0,0,0,0,0,0,0,0,,
,airindia.co.in,0,0.0,0,0,0,0,9999,0,0,,,0,0,999,0,0,0,0,0,0,0,0,0,0,0,0,0,0,0,0,0,0,0,0,,
,makemytrip.com,0,0.0,0,0,0,0,9999,0,0,,,0,0,999,0,0,0,0,0,0,0,0,0,0,0,0,0,0,0,0,0,0,0,0,,
,goibibo.com,0,0.0,0,0,0,0,9999,0,0,,,0,0,999,0,0,0,0,0,0,0,0,0,0,0,0,0,0,0,0,0,0,0,0,,
,goindigo.in,0,0.0,0,0,0,0,9999,0,0,,,0,0,999,0,0,0,0,0,0,0,0,0,0,0,0,0,0,0,0,0,0,0,0,,
,yatra.com,0,0.0,0,0,0,0,9999,0,0,,,0,0,999,0,0,0,0,0,0,0,0,0,0,0,0,0,0,0,0,0,0,0,0,,
,airvistara.com,0,0.0,0,0,0,0,9999,0,0,,,0,0,999,0,0,0,0,0,0,0,0,0,0,0,0,0,0,0,0,0,0,0,0,,
,denabank.com,0,0.0,0,0,0,0,9999,0,0,,,0,0,999,0,0,0,0,0,0,0,0,0,0,0,0,0,0,0,0,0,0,0,0,,
,starhealth.in,0,0.0,0,0,0,0,9999,0,0,,,0,0,999,0,0,0,0,0,0,0,0,0,0,0,0,0,0,0,0,0,0,0,0,,
,drdo.gov.in,0,0.0,0,0,0,0,7837,0,0,National Informatics Centre,IN,197,0,999,0,0,0,0,0,0,0,0,0,0,0,0,0,0,0,0,0,1,1,4,,
,iitm.ac.in,0,0.0,0,0,0,0,8264,0,0,ERNET India,,501,0,999,0,0,0,0,0,0,0,0,0,0,0,0,0,0,0,0,0,0,4,3,,
,bihar.gov.in,0,0.0,0,0,0,0,6419,0,0,National Informatics Centre,,154,0,999,0,0,0,0,0,0,0,0,0,0,0,0,0,0,0,0,0,0,1,4,,
,manipalhospitals.com,0,0.0,0,0,0,0,9999,0,0,,,0,0,999,0,0,0,0,0,0,0,0,0,0,0,0,0,0,0,0,0,0,0,0,,
,fortishealthcare.com,0,0.0,0,0,0,0,9999,0,0,,,0,0,999,0,0,0,0,0,0,0,0,0,0,0,0,0,0,0,0,0,0,0,0,,
,cg.gov.in,0,0.0,0,0,0,0,7388,0,0,National Informatics Centre,IN,281,0,999,0,0,0,0,0,0,0,0,0,0,0,0,0,0,0,0,0,1,1,4,,
,hp.gov.in,0,0.0,0,0,0,0,7416,0,0,National Informatics Centre,IN,253,0,999,0,0,0,0,0,0,0,0,0,0,0,0,0,0,0,0,0,1,2,1,,
,andaman.gov.in,0,0.0,0,0,0,0,7452,0,0,National Informatics Centre,,217,0,999,0,0,0,0,0,0,0,0,0,0,0,0,0,0,0,0,0,0,0,0,,
https://www.wipro.com/,wipro.com,22,3.516,1,0,0,0,9999,0,0,,,0,0,999,0,2,0,1,0,0,1,360462,49,8,1,0,0,0,0,139,1,0,0,0,d343cd8d97bcde522db104f0ebf19044,f4b7fd9b945d0e45a3928a0b4c47103b0577428b3a83aa5450691b86e256ea58
https://arunachalpradesh.gov.in/,arunachalpradesh.gov.in,32,4.0778,1,0,0,0,7109,0,0,National Informatics Centre,IN,195,0,999,0,0,0,0,0,0,1,131865,86,0,0,1,0,0,25,79,1,1,0,4,6e7210276bfa604d36b610140ca5d507,5a0aa9242e2cbb5a080006271dc08ed369b583ffda880b42b0339e08cfefda13
https://chandigarh.gov.in/,chandigarh.gov.in,26,3.8731,1,0,0,0,7530,0,0,National Informatics Centre,IN,139,0,999,0,1,0,0,0,0,0,94977,53,1,1,0,0,0,0,217,1,1,0,4,7a4659d14ae75420d3e849fcc95bd378,d66eb44a0888a3f736e3a39cb1baa1ffd0c2fba63670458c5866c15a798eb24d
,ap.gov.in,0,0.0,0,0,0,0,8264,0,0,National Informatics Centre,IN,136,0,999,0,0,0,0,0,0,0,0,0,0,0,0,0,0,0,0,0,1,1,5,,
https://dnh.gov.in/,dnh.gov.in,19,3.5766,1,0,0,0,3690,0,0,National Informatics Centre,IN,327,0,999,0,1,0,0,0,0,0,169734,60,1,1,0,0,0,0,95,1,1,0,4,92ad84f6b8cfafe0bd79051a45fa37ad,7834ca953a4ed77064f85e555cc1cd606fdf472aca6033196db584e2a7e3e40d
https://assam.gov.in/,assam.gov.in,21,3.6538,1,0,0,0,7215,0,0,National Informatics Centre,IN,89,0,999,0,0,0,0,0,0,0,34813,1,0,0,0,0,0,0,4,1,1,3,4,4f6da84debf8af3f372aa57c54df0574,9aebb9c0c3b5a5267ea73a432c30380c2fe3b9d14d0e2427c7456ad026d1b4d5
,csir.res.in,0,0.0,0,0,0,0,8264,0,0,ERNET India,IN,866,0,999,0,0,0,0,0,0,0,0,0,0,0,0,0,0,0,0,0,2,3,2,,
,gov.in,0,0.0,0,0,0,0,139,0,0,National Internet Exchange of India,,3512,0,999,0,0,0,0,0,0,0,0,0,0,0,0,0,0,0,0,0,0,3,4,,
,finmin.nic.in,0,0.0,0,0,0,0,7599,0,0,National Informatics Centre,,70,0,999,0,0,0,0,0,0,0,0,0,0,0,0,0,0,0,0,0,0,0,0,,
,aai.aero,0,0.0,0,0,0,0,8573,0,0,Tucows Domains Inc.,,192,0,999,0,0,0,0,0,0,0,0,0,0,0,0,0,0,0,0,0,2,2,2,,
https://fssai.gov.in/,fssai.gov.in,21,3.6538,1,0,0,0,6286,0,0,National Informatics Centre,IN,287,0,999,0,1,0,0,0,0,4,3158830,596,0,0,0,0,0,0,162,1,1,1,2,fa412c773e732d43e146a9303d5924ff,200f11cd2d09ce8f3d14b21ba3ec6299f97c927203f4300dae8a29eb916fc20c
https://haryana.gov.in/,haryana.gov.in,23,3.7623,1,0,0,0,7868,0,0,National Informatics Centre,IN,166,0,999,0,0,0,0,0,0,0,144,0,0,0,0,0,0,0,0,0,1,0,4,,
,bhel.com,0,0.0,0,0,0,0,10319,0,0,PDR Ltd. d/b/a PublicDomainRegistry.com,IN,271,0,999,0,0,0,0,0,0,0,0,0,0,0,0,0,0,0,0,0,1,0,3,,
https://gujarat.gov.in/,gujarat.gov.in,23,3.8492,1,0,0,0,7899,0,0,National Informatics Centre,IN,136,0,999,0,0,0,0,0,0,0,309,0,0,0,0,0,0,0,0,0,2,2,3,,
,icmr.gov.in,0,0.0,0,0,0,0,4857,0,0,National Informatics Centre,IN,255,0,999,0,0,0,0,0,0,0,0,0,0,0,0,0,0,0,0,0,1,3,4,,
,imps.npci.org.in,0,0.0,0,0,0,0,6095,0,0,OVI HOSTING PVT LTD,,1209,0,999,0,0,0,0,0,0,0,0,0,0,0,0,0,0,0,0,0,0,0,0,,
https://cert-in.org.in/,cert-in.org.in,23,3.7623,1,0,0,0,8183,0,0,S.G.S. Technologie Pvt Ltd dba Netandhost.com,IN,217,0,999,0,0,0,0,0,0,0,435,0,0,0,0,0,0,0,73,1,3,1,2,a445420727d0661026c63aa36191e243,b24d7bdfaf62a932f2e01777e97c8061010d120af3815752123ec27b8536f2d6
https://irdai.gov.in/,irdai.gov.in,21,3.749,1,0,0,0,3690,0,0,National Informatics Centre,US,327,0,999,0,2,0,0,0,0,2,529631,64,0,1,0,0,0,20,150,1,2,3,4,bb789a0c0bf3438833f601042be4eb54,678f43adcf805acf1d5b4f3ebc2dd29e27ab23612a4482d05918c69afe5e58da
,ircon.org,0,0.0,0,0,0,0,7277,0,0,"GoDaddy.com, LLC",IN,757,0,999,0,0,0,0,0,0,0,0,0,0,0,0,0,0,0,0,0,1,5,2,,
,ladakh.nic.in,0,0.0,0,0,0,0,7599,0,0,National Informatics Centre,,70,0,999,0,0,0,0,0,0,0,0,0,0,0,0,0,0,0,0,0,0,0,0,,
,karnataka.gov.in,0,0.0,0,0,0,0,8080,0,0,National Informatics Centre,IN,320,0,999,0,0,0,0,0,0,0,0,0,0,0,0,0,0,0,0,0,1,2,4,,
,kerala.gov.in,0,0.0,0,0,0,0,7958,0,0,National Informatics Centre,IN,77,0,999,0,0,0,0,0,0,0,0,0,0,0,0,0,0,0,0,0,1,1,3,,
https://manipur.gov.in/,manipur.gov.in,23,3.882,1,0,0,0,5377,0,0,National Informatics Centre,IN,101,0,999,0,1,0,0,0,0,0,73847,29,0,1,0,0,0,0,53,1,1,1,4,c014b9153f4f6ee4896933799837a890,d806e8c82228a9b51a69587b6db6be6c27db040a8a8e82717add6ff25539ea4a
,jk.gov.in,0,0.0,0,0,0,0,7416,0,0,National Informatics Centre,IN,253,0,999,0,0,0,0,0,0,0,0,0,0,0,0,0,0,0,0,0,1,1,3,,
https://meghalaya.gov.in/,meghalaya.gov.in,25,3.9435,1,0,0,0,7454,0,0,National Informatics Centre,IN,215,0,999,0,1,0,0,0,0,0,64969,28,4,1,0,0,0,0,241,1,1,1,4,00c289ba07be371e939aa92a56cc2b7f,3ba88249aab8986e39c1c18ac44cecb4258bb43afd87dea4adde8880df9ae472
https://maharashtra.gov.in/,maharashtra.gov.in,27,3.708,1,0,0,0,8390,0,0,National Informatics Centre,IN,10,0,999,0,1,0,0,0,0,1,2174180,14,0,0,0,0,0,0,67,1,1,1,2,0e9ce4a6f37609ff5596a60dbc5eed95,c55783871f373fd978f144b1d9a7d01d4002dde65509a95a04256ec167a5c113
https://mtnl.net.in/,mtnl.net.in,20,3.3464,1,0,0,0,7899,0,0,#1 Indian Domains dba Mitsu.in,IN,136,0,999,0,1,0,0,0,0,0,67802,126,0,0,0,0,0,0,38,1,1,1,7,,
,mha.gov.in,0,0.0,0,0,0,0,7145,0,0,National Informatics Centre,IN,159,0,999,0,0,0,0,0,0,0,0,0,0,0,0,0,0,0,0,0,1,3,4,,
,nabard.org,0,0.0,0,0,0,0,9743,0,0,"Network Solutions, LLC",IN,3040,0,999,0,0,0,0,0,0,0,0,0,0,0,0,0,0,0,0,0,1,1,2,,
https://newindia.co.in/,newindia.co.in,23,3.7294,1,0,0,0,7895,0,0,Sify Digital Services Limited,IN,139,0,999,0,0,0,0,0,0,2,4108120,126,1,0,0,0,0,0,72,1,1,5,2,0f32eda3820269d7311212ce99e5a2be,934e59ecad6ee8cd81294812b250b13e3e24a30d53ff65007933541fd1b38ad3
https://nationalinsurance.nic.co.in/,nic.co.in,36,3.7454,2,0,0,0,8162,0,0,Netlynx Technologies Pvt. Ltd.,IN,603,0,999,0,1,0,0,0,0,0,277444,108,1,1,0,0,0,0,197,1,1,0,0,936002e74e86e53f60c8fe1645b94e9e,4005a0c45d07b7703b8514048c7072bad338e8e060ae0b7d3e815a43ebf9b8e3
,nhai.gov.in,0,0.0,0,0,0,0,3214,0,0,National Informatics Centre,IN,72,0,999,0,0,0,0,0,0,0,0,0,0,0,0,0,0,0,0,0,1,1,4,,
,nic.in,0,0.0,0,0,0,0,7599,0,0,National Informatics Centre,,70,0,999,0,0,0,0,0,0,0,0,0,0,0,0,0,0,0,0,0,0,3,4,,
https://mizoram.gov.in/,mizoram.gov.in,23,3.882,1,0,0,0,7806,0,0,National Informatics Centre,US,228,0,999,0,0,0,0,0,0,1,28007,1,0,0,0,0,0,0,46,1,1,1,2,cf3042959cdd1fc3d97ec594eaec8d9f,3b0e96532e6d459427070fd0b28aba35fb3a54a97a6432ba54b8c9a28524391a
,neft.rbi.org.in,0,0.0,0,0,0,0,8264,0,0,Sify Digital Services Limited,,136,0,999,0,0,0,0,0,0,0,0,0,0,0,0,0,0,0,0,0,0,0,0,,
,nciipc.gov.in,0,0.0,0,0,0,0,5632,0,0,National Informatics Centre,IN,211,0,999,0,0,0,0,0,0,0,0,0,0,0,0,0,0,0,0,0,1,1,4,,
https://nalcoindia.com/,nalcoindia.com,23,3.7951,0,0,0,0,9358,0,0,"GoDaddy.com, LLC",IN,502,0,999,0,2,0,0,0,0,2,399313,189,0,1,0,0,0,0,102,1,1,0,2,057eeb0acc852ba1da02d5cf5b62669d,60d2ccf0597071e6aa63231f132a8824920907c7da97d3e6cf6dbc23975c470d
https://nitc.ac.in/,nitc.ac.in,19,3.3264,1,0,0,0,7776,0,0,ERNET India,IN,2815,0,999,0,4,0,0,0,0,2,308623,55,1,0,0,0,0,0,114,1,1,7,5,a3dc3126e8bcebd0deea8605157ae4e4,c52f37b9e0b2d1eee02d732b9f44206e27d21684d22b0ab6e5f4f2c140f72589
,nsdl.co.in,0,0.0,0,0,0,0,8264,0,0,Endurance Digital Domain Technology Private Limited,IN,1597,0,999,0,0,0,0,0,0,0,0,0,0,0,0,0,0,0,0,0,1,5,2,,
https://nta.ac.in/,nta.ac.in,18,3.3083,1,0,0,0,2709,0,0,ERNET India,IN,1673,0,999,0,1,0,0,0,0,3,465727,34,1,0,0,0,0,0,55,1,1,1,2,8a32b20ad1495d67a3462a1dd371af90,2d4958e8e642e66ee52cf78c4c339d5adbdecd7c5fa1bd680be9a4040115e36e
https://orientalinsurance.org.in/,orientalinsurance.org.in,33,3.9226,1,0,0,0,6087,0,0,Sify Digital Services Limited,US,1582,0,999,0,0,0,0,0,0,0,8500,0,1,0,1,0,0,25,42,1,4,0,4,dc192abebacad230030e4af2f9578e44,c404c5936c7e4a92c2ef408d2c163dd6b1b3798b64e038c15c704b2b70fdf285
https://aiims.edu/index.php/en,aiims.edu,30,3.7647,0,0,0,0,9999,0,0,,,0,0,999,0,1,0,0,0,0,0,238878,88,2,0,0,0,0,0,130,1,0,0,0,,
,nlcindia.com,0,0.0,0,0,0,0,9454,0,0,gooddomainregistry.com,,42,0,999,0,0,0,0,0,0,0,0,0,0,0,0,0,0,0,0,0,0,3,4,,
,pfrda.gov.in,0,0.0,0,0,0,0,9999,0,0,,,0,0,999,0,0,0,0,0,0,0,0,0,0,0,0,0,0,0,0,0,0,0,0,,
,.gov.in,0,0.0,0,0,0,0,9999,0,0,,,0,0,999,0,0,0,0,0,0,0,0,0,0,0,0,0,0,0,0,0,0,0,0,,
https://www.cbse.gov.in/,cbse.gov.in,24,3.8239,2,0,0,0,9999,0,0,,,0,0,999,0,0,0,0,0,0,0,291,0,0,0,0,0,0,0,0,0,0,0,0,,
,zoo.gov.in,0,0.0,0,0,0,0,9999,0,0,,,0,0,999,0,0,0,0,0,0,0,0,0,0,0,0,0,0,0,0,0,0,0,0,,
,urban.gov.in,0,0.0,0,0,0,0,9999,0,0,,,0,0,999,0,0,0,0,0,0,0,0,0,0,0,0,0,0,0,0,0,0,0,0,,
,water.gov.in,0,0.0,0,0,0,0,9999,0,0,,,0,0,999,0,0,0,0,0,0,0,0,0,0,0,0,0,0,0,0,0,0,0,0,,
https://punjab.gov.in/,punjab.gov.in,22,3.8797,1,0,0,0,7745,0,0,National Informatics Centre,IN,289,0,999,0,5,0,0,0,0,0,308165,55,2,1,0,0,0,20,153,1,1,1,3,f09bff3b01efc9fced4fa807464b53bf,c84c14292b6d7ebece09721817f8588ab4e358394d0725289bf810afe94572fd
https://rajasthan.gov.in/,rajasthan.gov.in,25,3.7533,1,0,0,0,8172,0,0,National Informatics Centre,IN,228,0,999,0,1,0,0,0,0,0,246062,141,1,0,0,0,0,0,204,1,1,4,2,fcd32f6b3c250bd2ca37bebe0edca9f6,65b48d1d833cde168e18a2e716c127bf871e766c7d32738780a6a7c09f327cb5
https://jharkhand.gov.in/,jharkhand.gov.in,25,3.9435,1,0,0,0,7717,0,0,National Informatics Centre,IN,317,0,999,0,3,0,2,0,0,2,276916,153,3,0,0,1,0,10,118,1,1,1,4,,
https://mp.gov.in/,mp.gov.in,18,3.5724,1,0,0,0,7416,0,0,National Informatics Centre,IN,253,0,999,0,1,0,0,0,0,0,38884,57,0,0,0,0,0,0,86,1,1,1,4,0a87ebdd057a58066f457b031a217c5d,ca7ff996240d8a0fb4324737c5d5b41f1884616ee172d04823b2326d6e5f8df5
,odisha.gov.in,0,0.0,0,0,0,0,5058,0,0,National Informatics Centre,IN,55,0,999,0,0,0,0,0,0,0,0,0,0,0,0,0,0,0,0,0,2,1,4,,
https://nagaland.gov.in/,nagaland.gov.in,24,3.7406,1,0,0,0,6761,0,0,National Informatics Centre,IN,178,0,999,0,0,0,0,0,0,0,52978,32,0,0,0,0,0,0,13,1,1,1,2,29d5fb005668d8b824d7083786252fd9,e7e9a528900b73ff82f9f8a95ea502b26afb9142c416fa2c85af0694dfd6799c
https://py.gov.in/,py.gov.in,18,3.5724,1,0,0,0,7416,0,0,National Informatics Centre,IN,253,0,999,0,1,0,0,0,0,1,121736,44,0,1,0,1,0,10,137,1,1,1,3,00c46d96684f80bba586f92a4e91255e,e627f85931ed1a8ab2a8a3c7d485f8a49714f6740a3ed91b1f59b2f64cd09859
,telangana.gov.in,0,0.0,0,0,0,0,4184,0,0,National Informatics Centre,IN,198,0,999,0,0,0,0,0,0,0,0,0,0,0,0,0,0,0,0,0,1,1,3,,
https://tripura.gov.in/,tripura.gov.in,23,3.7623,1,0,0,0,7556,0,0,National Informatics Centre,IN,113,0,999,0,0,0,0,0,0,0,257088,70,1,1,0,0,0,0,198,1,1,1,4,155d25997edcb83aca9b9c158916d832,db55cf907a70ea06553457fd9c9b9945010f0ba527d8bef9327e5fd2335a40b4
,wb.gov.in,0,0.0,0,0,0,0,8271,0,0,National Informatics Centre,IN,136,0,999,0,0,0,0,0,0,0,0,0,0,0,0,0,0,0,0,0,1,2,4,,
,up.gov.in,0,0.0,0,0,0,0,7416,0,0,National Informatics Centre,IN,253,0,999,0,0,0,0,0,0,0,0,0,0,0,0,0,0,0,0,0,1,1,4,,
,uk.gov.in,0,0.0,0,0,0,0,6121,0,0,National Informatics Centre,IN,87,0,999,0,0,0,0,0,0,0,0,0,0,0,0,0,0,0,0,0,1,1,4,,
,tcs.com,0,0.0,0,0,0,0,10185,0,0,"Network Solutions, LLC",IN,2231,0,999,0,0,0,0,0,0,0,0,0,0,0,0,0,0,0,0,0,1,14,5,,
https://www.bhimupi.org.in/,bhimupi.org.in,27,3.8282,2,0,0,0,9999,0,0,,,0,0,999,0,0,0,0,0,0,2,52503,33,3,1,0,0,0,0,69,1,0,0,0,fb73d19d9b99fd10761c01385dbc15d9,d7c5a6b0e4491e558352e046b3c34ddf99734aa66ff974675f61a955c2a4be57
https://aicte.gov.in/,aicte-india.org,21,3.749,1,0,0,0,9999,0,0,,,0,0,999,0,1,0,0,0,0,3,234589,64,6,1,0,0,0,0,138,1,0,0,0,e38879390071049592c7aeb6d7fa4e76,e6831b2c38f61a6eab3ab17e7dfa783b005e3b59d99fb5634d24798484e4e810
https://www.bseindia.com/,bseindia.com,25,3.9435,1,0,0,0,9999,0,0,,,0,0,999,0,2,0,0,0,0,2,435347,95,3,0,0,0,0,0,128,1,0,0,0,4584b85b70e3927c001bbf719205a51d,3d7a879469a93c0f151c1e718ea682a1ec0eaf664fa3f356068a89938d0bd25c
https://www.epfindia.gov.in/site_en/index.php,epfindia.gov.in,45,4.0003,2,0,0,0,9999,0,0,,,0,0,999,0,0,0,0,0,0,4,397607,475,0,1,1,0,0,25,42,1,0,0,0,240211bf7cb5c0af305185d1d53498db,b8f75849575c0396e5ccc4de45a0735a3ff83459784ee000b7acf7b6d9876c1c
https://www.dgft.gov.in/CP/,dgft.gov.in,27,3.8562,2,0,0,0,9999,0,0,,,0,0,999,0,1,0,0,0,0,4,188507,221,5,1,0,1,0,20,93,1,0,0,0,4f6da84debf8af3f372aa57c54df0574,9aebb9c0c3b5a5267ea73a432c30380c2fe3b9d14d0e2427c7456ad026d1b4d5
https://www.goa.gov.in/,goa.gov.in,23,3.6425,2,0,0,0,9999,0,0,,,0,0,999,0,1,0,0,0,0,1,136760,31,1,0,1,0,0,25,105,1,0,0,0,c5bc9f3eca4c6372c68fa71543e7c264,0ba8c69a4bffd500ddf5537a61541e1e78b184beee9429aef48833b5729be900
https://esic.gov.in/,esic.nic.in,20,3.6842,1,0,0,0,9999,0,0,,,0,0,999,0,1,0,0,0,0,2,85836,64,0,0,0,0,0,0,69,1,0,0,0,f602eb72fe8c8cae67c3944580bc8c08,b35a249801b48fa6bb4af098e7ce0d0254e37be349d845cd28541b6e586dde9a
https://home.iitd.ac.in/,iitd.ac.in,24,3.7091,2,0,0,0,9999,0,0,,,0,0,999,0,1,0,0,0,0,0,295663,511,0,1,0,0,0,0,144,1,0,0,0,628e012a5e771720a057adc0c406f5f9,44cd0aeb3e43a77a4ac048e5b9db4ffa0f7e39cb8f32c9454eee4a661ff352bb
https://www.gst.gov.in/,gst.gov.in,23,3.5227,2,0,0,0,9999,0,0,,,0,0,999,0,0,0,0,0,0,3,333604,15,3,0,0,0,0,0,74,1,0,0,0,c0d60d28cb9ef691ceb188b69003d7eb,e4c6bb2bc32eba1cffe8732461655277cfa66c15b7b2be8493771c8c160543fe
https://www.iitb.ac.in/,iitb.ac.in,23,3.4899,2,0,0,0,9999,0,0,,,0,0,999,0,2,0,0,0,0,1,432467,92,0,1,0,0,0,0,55,1,0,0,0,ab8f86ed81462ae45abeeccfd59d6dc6,994781896f3c2630d1d911f3f7655357655f46890d13879c054eab0ad7266ed2
http://www.education.gov.in/,education.gov.in,28,3.9138,2,0,0,0,9999,0,0,,,0,0,999,0,0,0,0,0,0,0,296,0,0,0,0,0,0,0,0,0,0,0,0,,
https://www.idbi.bank.in/,idbi.com,25,3.6431,2,0,0,0,9999,0,0,,,0,0,999,0,0,0,0,0,0,3,174526,367,0,0,0,0,0,0,85,1,0,0,0,24f8a597e80870fc7b012a211e92c7bc,7574656a9d32fe465a5801645e9a5ff547da76018ae49cc8050bdbab67cae501
https://www.tn.gov.in/,tn.gov.in,22,3.504,2,0,0,0,9999,0,0,,,0,0,999,0,0,0,0,0,0,1,264149,110,4,0,0,0,0,0,144,1,0,0,0,927c2d2fddf95b5fc0c0a638529ea22e,a611a90fa3ab2fbaabdca527cebb774f3e85020d18e63ff81baeac610ec676c1
https://www.sebi.gov.in/,sebi.gov.in,24,3.7406,2,0,0,0,9999,0,0,,,0,0,999,0,1,1,0,0,0,3,189565,154,0,0,1,0,0,25,72,1,0,0,0,68bb092391204108a07854e818b1366b,0540b138570ec5567c6eb3d3901e6593619742d3bfe0c29e5306400fdf529b21
https://www.sikkim.gov.in/,sikkim.gov.in,26,3.7381,2,0,0,0,9999,0,0,,,0,0,999,0,1,0,0,0,0,1,104708,32,2,0,0,0,0,0,76,1,0,0,0,59aa94642408f3628f65424eec945b4a,533ac2d174aadd8ac03493cf811e99f460258bd58b33cbc01697f7295b231048
,iciciprulicfe.com,0,0.0,0,0,0,0,9999,0,0,,,0,0,999,0,0,0,0,0,0,0,0,0,0,0,0,0,0,0,0,0,0,0,0,,
,sldcdelhi.org,0,0.0,0,0,0,0,9999,0,0,,,0,0,999,0,0,0,0,0,0,0,0,0,0,0,0,0,0,0,0,0,0,0,0,,
https://sjvn.nic.in/,sjvn.nic.in,20,3.4464,1,0,0,0,7602,0,0,National Informatics Centre,IN,67,0,999,0,0,0,0,0,0,0,141183,60,0,0,0,0,0,0,212,1,1,1,0,4b85a969c65a87bf920cc51c216b246f,49d9e0fa08d681749726b6f2ace2c0084679a269ac45f6c72bca4b5af9652015
https://recindia.nic.in/,recindia.nic.in,24,3.6054,1,0,0,0,7602,0,0,National Informatics Centre,IN,67,0,999,0,2,0,0,0,0,0,79359,87,0,0,0,0,0,0,79,1,1,0,0,15cb4d0dd1f73ae6d24981103d338812,fbe8ed5679ba8757906c731f8173b352a7149890c5e24b50e352982262602b50
,www.npcil.nic.in,0,0.0,0,0,0,0,7602,0,0,National Informatics Centre,IN,67,0,999,0,0,0,0,0,0,0,0,0,0,0,0,0,0,0,0,0,1,0,0,,
https://thdc.co.in/,thdc.co.in,19,3.4316,1,0,0,0,3415,0,0,Endurance Digital Domain Technology Private Limited,IN,601,0,999,0,1,0,0,0,0,0,135103,23,0,1,0,0,0,0,230,1,1,3,4,,
https://www.bharatpetroleum.in/,bharatpetroleum.in,31,4.0023,1,0,0,0,7547,0,0,GoDaddy,IN,487,0,999,0,0,0,0,0,0,0,300,0,0,0,0,0,0,0,0,0,2,0,0,,
,www.ntpc.co.in,0,0.0,0,0,0,0,8267,0,0,Netlynx Technologies Pvt. Ltd.,IN,133,0,999,0,0,0,0,0,0,0,0,0,0,0,0,0,0,0,0,0,1,0,0,,
https://iocl.com/,iocl.com,17,3.4548,0,0,0,0,10665,0,0,"Network Solutions, LLC",US,655,0,999,0,1,0,0,0,0,1,226612,82,2,0,0,0,0,0,159,1,1,1,2,03eb9a65cbfd69b21b4c34ce81cfc9d4,29f9368ee3eb44f85df2ef8da53ea332df40a351f254079eabb97283818858dd
https://www.npci.org.in/,npci.org.in,24,3.6573,2,0,0,0,6097,0,0,OVI HOSTING PVT LTD,IN,1207,0,999,0,0,0,0,0,0,0,62536,29,3,1,0,0,0,20,62,1,2,0,0,fb73d19d9b99fd10761c01385dbc15d9,d7c5a6b0e4491e558352e046b3c34ddf99734aa66ff974675f61a955c2a4be57
https://www.rbi.org.in/,rbi.org.in,23,3.6425,2,0,0,0,8267,0,0,Sify Digital Services Limited,US,133,0,999,0,1,0,0,0,0,1,198745,250,0,1,1,1,0,35,61,1,2,0,0,7bc1ff0d792e15a4d848badbce1651df,85ad5f29fe93b57944ad8e72f5f915da1969287e431ae5154d0564fa203a83c0
https://gailonline.com/,gailonline.com,23,3.882,0,0,0,0,8043,0,0,PDR Ltd. d/b/a PublicDomainRegistry.com,IN,357,0,999,0,2,0,0,0,0,1,102781,248,0,0,0,0,0,0,82,1,1,0,4,3a7d55ad9dde3f4a01ecb94d83ffd885,d420696d9286ba0bc4e643901a4771b031ef4eae278317917527743a219ba0f9
,www.pnbindia.in,0,0.0,0,0,0,0,7548,0,0,MPS Infotecnics Limited,IN,1947,0,999,0,0,0,0,0,0,0,0,0,0,0,0,0,0,0,0,0,1,0,0,,
https://www.powergrid.in/,powergrid.in,25,3.7337,1,0,0,0,7548,0,0,GoDaddy,IN,851,0,999,0,0,0,0,0,0,0,177,0,0,0,0,0,0,0,0,0,1,0,0,,
https://www.ongcindia.com/,ongcindia.com,26,3.8731,1,0,0,0,10294,0,0,PDR Ltd. d/b/a PublicDomainRegistry.com,IN,1027,0,999,0,0,0,0,0,0,0,39108,0,0,0,0,0,0,0,0,0,2,0,0,,
,www.adanigreenenergy.com,0,0.0,0,0,0,0,3473,0,0,PDR Ltd. d/b/a PublicDomainRegistry.com,IN,2004,0,999,0,0,0,0,0,0,0,0,0,0,0,0,0,0,0,0,0,2,0,0,,
https://www.unionbankofindia.co.in/,unionbankofindia.co.in,35,3.9113,2,0,0,0,7992,0,0,Sify Digital Services Limited,,1504,0,999,0,0,0,0,0,0,1,18021,1,0,1,0,0,0,0,20,1,2,0,0,4859e39ae6c0f1f428f2126a6bb32bd9,a94f8a8553caea8430dd4ca3cc01d4e318d19828f74cb65453ffb7f5d9e2f44d
https://licindia.in/,licindia.in,20,3.4842,0,0,0,0,7548,0,0,GoDaddy,US,121,0,999,0,3,0,0,0,0,1,255125,86,3,1,0,1,0,30,193,1,1,0,2,d7b64d7f0b8cd4ce4ee27a61c1195dc0,53609db2de6cb0b7247ef2eb879aa06abb7f588ee4673025e7c54e60da74e5ea
,www.bankofindia.co.in,0,0.0,0,0,0,0,8049,0,0,GoDaddy,US,351,0,999,0,0,0,0,0,0,0,0,0,0,0,0,0,0,0,0,0,1,0,0,,
https://www.nhpcindia.com/,nhpcindia.com,26,3.7962,1,0,0,0,9890,0,0,Tucows Domains Inc.,IN,335,0,999,0,1,0,0,0,0,0,164393,48,1,0,1,0,0,25,81,1,1,0,0,a935cdb72b81cde5686fc87f7302062e,98f87e8d1db0b459a966bf84d06140ce00f1ef56f7e0bd4068a6bf681abc7c00
,bankofmaharashtra.in,0,0.0,0,0,0,0,7534,0,0,Sify Digital Services Limited,IN,500,0,999,0,0,0,0,0,0,0,0,0,0,0,0,0,0,0,0,0,1,2,2,,
,www.bankofbaroda.in,0,0.0,0,0,0,0,7546,0,0,Terranet (India) Private Limited,IN,1949,0,999,0,0,0,0,0,0,0,0,0,0,0,0,0,0,0,0,0,1,0,0,,
,www.idbibank.in,0,0.0,0,0,0,0,7544,0,0,Endurance Digital Domain Technology Private Limited,IN,490,0,999,0,0,0,0,0,0,0,0,0,0,0,0,0,0,0,0,0,2,0,0,,
https://www.canarabank.com/,canarabank.com,27,3.8101,1,0,0,0,8592,0,0,PDR Ltd. d/b/a PublicDomainRegistry.com,US,904,0,999,0,0,0,0,0,0,0,309,0,0,0,0,0,0,0,0,0,1,0,0,,
https://www.indianbank.in/,indianbank.in,26,3.6133,1,0,0,0,7548,0,0,Sify Digital Services Limited,IN,121,0,999,0,3,0,0,0,0,2,259545,101,1,1,0,0,0,0,75,1,1,0,2,2fe63c942d89a28c684291347ea3731d,80c63c4567da533777df811d5cd413d74f1b4843d747b691bec770748506e81b
https://www.axisbank.com/,axisbank.com,25,3.9435,1,0,0,0,10136,0,0,"Network Solutions, LLC",IN,3011,0,999,0,0,0,0,0,0,3,438551,145,4,1,0,0,0,0,169,1,1,0,0,3880bf2c745c6ea30e14190052f0e01d,9029d3cc38a4a41accce28541823add49dfc0640a5bb4f3628e03ccccaf6aae3
,www.kotak.com,0,0.0,0,0,0,0,10941,0,0,"Network Solutions, LLC",,380,0,999,0,0,0,0,0,0,0,0,0,0,0,0,0,0,0,0,0,2,0,0,,
https://www.centralbankofindia.co.in/,centralbankofindia.co.in,37,4.1141,2,0,0,0,8267,0,0,Sify Digital Services Limited,IN,133,0,999,0,0,0,0,0,0,0,7525,1,0,0,1,0,0,25,1,1,1,0,0,,
,www.yesbank.in,0,0.0,0,0,0,0,7548,0,0,"CSC Corporate Domains, Inc.",IN,121,0,999,0,0,0,0,0,0,0,0,0,0,0,0,0,0,0,0,0,2,0,0,,
https://www.southindianbank.com/,southindianbank.com,32,4.0306,1,0,0,0,10122,0,0,PDR Ltd. d/b/a PublicDomainRegistry.com,,833,0,999,0,0,0,0,0,0,0,4248,1,0,0,0,0,0,0,3,1,2,0,0,,
,www.indusind.com,0,0.0,0,0,0,0,10644,0,0,"Network Solutions, LLC",IN,676,0,999,0,0,0,0,0,0,0,0,0,0,0,0,0,0,0,0,0,1,0,0,,
,www.tmb.in,0,0.0,0,0,0,0,7545,0,0,GoDaddy,US,489,0,999,0,0,0,0,0,0,0,0,0,0,0,0,0,0,0,0,0,1,0,0,,
https://www.jkbank.com/,jkbank.com,23,3.8492,1,0,0,0,9122,0,0,"GoDaddy.com, LLC",IN,1834,0,999,0,0,0,0,0,0,0,2689,0,0,0,0,0,0,0,1,1,1,0,0,,
https://www.federalbank.co.in/,federalbank.co.in,30,4.1647,2,0,0,0,8236,0,0,Netlynx Technologies Pvt. Ltd.,IN,3086,0,999,0,2,0,0,0,0,4,373795,85,3,1,0,0,0,20,266,1,1,0,0,be0ef91ad57c2679a547a8d6bd5596e1,57cd7badc46dee61a4c40914d17822f04c8d25843dfa93df32a33c54c0d90f2b
https://www.bandhanbank.com/,bandhanbank.com,28,3.8424,1,0,0,0,4618,0,0,"GoDaddy.com, LLC",IN,494,0,999,0,2,0,0,0,0,4,194311,72,6,1,0,0,0,0,184,1,1,3,2,244ce4e084e6677c940e76eeee0c4011,edb727cfa12df6b7dd10e1dd25a08f0bdbe5c89e67cdb271ea4548403803e013
,www.kvb.co.in,0,0.0,0,0,0,0,8267,0,0,Sify Digital Services Limited,US,1229,0,999,0,0,0,0,0,0,0,0,0,0,0,0,0,0,0,0,0,1,0,0,,
https://www.iob.in/,iob.in,19,3.4316,1,0,0,0,7548,0,0,GoDaddy,IN,121,0,999,0,0,0,0,0,0,0,3396,0,0,0,0,0,0,0,3,1,1,1,2,,
https://www.idfcfirstbank.com/,idfcfirstbank.com,30,4.0981,1,0,0,0,2837,0,0,"OwnRegistrar, Inc.",IN,84,0,999,0,2,0,0,0,0,3,1401840,204,3,1,0,0,1,45,506,1,1,0,0,d81c9e6e6cd4732970701cffc9b24675,b9645afe5078aaa3587a74a9736a4bd6ff10d5bb53a66cbf442ab7ad66351585
https://karnatakabank.com/,karnatakabank.com,26,3.6284,0,0,0,0,8523,0,0,"GoDaddy.com, LLC",US,242,0,999,0,0,0,0,0,0,0,262,1,0,0,0,0,0,0,0,0,1,0,6,,
,www.bsnl.co.in,0,0.0,0,0,0,0,8236,0,0,MPS Infotecnics Limited,IN,164,0,999,0,0,0,0,0,0,0,0,0,0,0,0,0,0,0,0,0,1,1,2,,
https://www.ucobank.com/,ucobank.com,24,3.8554,1,0,0,0,10283,0,0,"GoDaddy.com, LLC",IN,307,0,999,0,0,0,0,0,0,0,3475,0,0,0,0,0,0,0,3,1,1,0,0,,
https://www.rblbank.com/,rblbank.com,24,3.9387,1,0,0,0,4503,0,0,PDR Ltd. d/b/a PublicDomainRegistry.com,IN,2070,0,999,0,1,0,0,0,0,3,478789,101,4,1,0,0,0,0,405,1,2,0,0,3a961cb02886cb8b85a21849d9fd60bf,cac0804e3749a8411efe3a34ac1c4a610caa82f016dd23ae1156337048d65871
https://www.cityunionbank.com/,cityunionbank.com,30,4.0062,1,0,0,0,8653,0,0,"Amazon Registrar, Inc.",IN,112,0,999,0,1,0,0,0,0,3,225830,869,4,0,0,1,0,10,103,1,1,0,0,8774b989e385584788f3b8e034e761df,b12c3e711f129fb520d674ac37eab85dfc9146bbeae18cbbedaff3f3d07319b9
,www.paytmbank.com,0,0.0,0,0,0,0,3976,0,0,"GoDaddy.com, LLC",IN,2232,0,999,0,0,0,0,0,0,0,0,0,0,0,0,0,0,0,0,0,1,0,0,,
https://www.myvi.in/,myvi.in,20,3.5464,1,0,0,0,1998,0,0,"Wild West Domains, LLC",IN,557,0,999,0,0,0,0,0,0,5,381363,29,2,1,0,0,0,0,149,1,1,0,0,6c843eb478596f68fecae90ad6feb8b7,c08a60fe94ec399196494b9c8d52c63c86d4c3a3d1a1af6e2f84b79caf3eb814
https://www.jio.com/,jio.com,20,3.5464,1,0,0,0,9828,0,0,"GoDaddy.com, LLC",IN,397,0,999,0,1,0,0,0,0,1,3241465,7,1,1,0,0,0,0,78,1,1,0,1,ceb19d15572f2fed7e7e008ca227ab6f,edecdd046c84c1e957827fdcc9a30cc260d3f5f03fdbc4cd7b78a5fb2854bb73
,www.railtelindia.com,0,0.0,0,0,0,0,8678,0,0,"ENOM, INC.",IN,87,0,999,0,0,0,0,0,0,0,0,0,0,0,0,0,0,0,0,0,1,0,0,,
https://mtnl.in/,mtnl.in,16,3.2806,0,0,0,0,8368,0,0,#1 Indian Domains dba Mitsu.in,IN,397,0,999,0,1,0,0,0,0,0,67802,62,0,0,0,0,0,0,38,1,1,1,2,,
,www.hindustanpetroleum.com,0,0.0,0,0,0,0,8861,0,0,BigRock Solutions Ltd.,IN,1730,0,999,0,0,0,0,0,0,0,0,0,0,0,0,0,0,0,0,0,1,0,0,,
https://dot.gov.in/,dot.gov.in,19,3.5369,1,0,0,0,7616,0,0,National Informatics Centre,IN,53,0,999,0,0,0,0,0,0,0,41230,0,0,1,0,0,0,0,1,1,1,3,4,e9dd2797018cad79186e03e8c5aec8dc,4c4b6a3be1314ab86138bef4314dde022e600960d8689a2c8f8631802d20dab6
https://www.tatacommunications.com/,tatacommunications.com,35,3.7539,1,0,0,0,7455,0,0,PDR Ltd. d/b/a PublicDomainRegistry.com,US,2406,0,999,0,3,0,1,0,0,3,1364985,44,9,1,1,1,0,45,256,1,2,0,0,927589e773f6a1602fcbd3099d0f1cae,54cc0ca9b7a117b7e2d541d5f8f667e1f86bf131741f229c167bbe1a2592811f
,cris.org.in,0,0.0,0,0,0,0,8253,0,0,Sree Jain Infotech dba bookandhost.com,IN,512,0,999,0,0,0,0,0,0,0,0,0,0,0,0,0,0,0,0,0,1,2,3,,
,indianrailways.gov.in,0,0.0,0,0,0,0,8267,0,0,National Informatics Centre,IN,133,0,999,0,0,0,0,0,0,0,0,0,0,0,0,0,0,0,0,0,1,1,3,,
,adanigreenenergy.com,0,0.0,0,0,0,0,9999,0,0,,,0,0,999,0,0,0,0,0,0,0,0,0,0,0,0,0,0,0,0,0,0,0,0,,
https://morth.nic.in/,morth.nic.in,21,3.5585,1,0,0,0,7602,0,0,National Informatics Centre,IN,67,0,999,0,1,0,0,0,0,0,129908,122,0,1,0,0,0,20,186,1,1,0,0,b3185376f0f01228707fd3ea0603f1d5,17ce494290f68fc6cd0727bf5752c9c19a934b1a5f67b6a58e96fd533cb07fbc
https://www.dgshipping.gov.in/,dgshipping.gov.in,30,3.6892,2,0,0,0,7902,0,0,National Informatics Centre,IN,133,0,999,0,1,0,0,0,0,3,205692,54,0,0,0,1,0,10,62,1,1,0,0,,
https://www.mahadiscom.in/,mahadiscom.in,26,3.7962,1,0,0,0,7446,0,0,Tucows Domains Inc.,IN,223,0,999,0,2,0,0,0,0,0,440573,12,1,1,1,1,0,55,238,1,2,0,0,5c586e322711b0031c28591b28378169,0098fa1d4c5bea4e6c2204d63b6c70c0b23c11280c8dc172a12ed295e3b56fc7
,sarathi.parivahan.gov.in,0,0.0,0,0,0,0,5208,0,0,National Informatics Centre,IN,270,0,999,0,0,0,0,0,0,0,0,0,0,0,0,0,0,0,0,0,1,0,0,,
https://www.nic.in/,www.nic.in,19,3.3264,1,0,0,0,7602,0,0,National Informatics Centre,IN,67,0,999,0,0,0,0,0,0,0,286,0,0,0,0,0,0,0,0,0,2,0,0,,
https://uidai.gov.in/,uidai.gov.in,21,3.749,1,0,0,0,5954,0,0,National Informatics Centre,IN,254,0,999,0,0,0,0,0,0,0,5152,0,0,0,0,0,0,0,5,1,2,1,4,,
,vahan.parivahan.gov.in,0,0.0,0,0,0,0,5208,0,0,National Informatics Centre,IN,270,0,999,0,0,0,0,0,0,0,0,0,0,0,0,0,0,0,0,0,1,0,0,,
https://delhi.gov.in/,delhi.gov.in,21,3.7849,1,0,0,0,8289,0,0,National Informatics Centre,IN,133,0,999,0,2,0,0,0,0,1,54463,21,1,1,0,0,0,0,48,1,1,3,4,d565261900a248a9b8e2e57df85ea87e,a30309a1fc01baeaf35bf1330f9a5e8c742596b5974086d29686f7a9f22172f3
https://www.mygov.in/,mygov.in,21,3.749,1,0,0,0,5655,0,0,National Informatics Centre,IN,188,0,999,0,1,0,0,0,0,1,339848,397,9,1,0,0,0,0,547,1,2,0,0,,
https://www.meity.gov.in/,meity.gov.in,25,3.8031,2,0,0,0,3359,0,0,National Informatics Centre,IN,292,0,999,0,0,0,0,0,0,0,292,0,0,0,0,0,0,0,0,0,2,0,0,,
,www.drdo.gov.in,0,0.0,0,0,0,0,7840,0,0,National Informatics Centre,IN,194,0,999,0,0,0,0,0,0,0,0,0,0,0,0,0,0,0,0,0,1,0,0,,
,yesbank.in,0,0.0,0,0,0,0,9999,0,0,,,0,0,999,0,0,0,0,0,0,0,0,0,0,0,0,0,0,0,0,0,0,0,0,,
,www.nvsp.in,0,0.0,0,0,0,0,3920,0,0,Endurance Digital Domain Technology Private Limited,IN,1558,0,999,0,0,0,0,0,0,0,0,0,0,0,0,0,0,0,0,0,1,0,4,,
https://dae.gov.in/,dae.gov.in,19,3.7871,1,0,0,0,7902,0,0,National Informatics Centre,IN,133,0,999,0,1,0,0,0,0,1,179696,106,0,0,0,0,0,0,83,1,1,2,4,f1fd83b5bc2ed9a3ffbfdba404836cf2,f16df88b3a4eee71ee67928958ae8a6cd181b87a81ea665fdb7a0c594cb35165
,www.bel-india.in,0,0.0,0,0,0,0,2758,0,0,Endurance Digital Domain Technology Private Limited,IN,1259,0,999,0,0,0,0,0,0,0,0,0,0,0,0,0,0,0,0,0,1,0,0,,
,hslvizag.in,0,0.0,0,0,0,0,3401,0,0,GoDaddy,IN,250,0,999,0,0,0,0,0,0,0,0,0,0,0,0,0,0,0,0,0,1,3,4,,
https://www.digilocker.gov.in/,digilocker.gov.in,30,4.0729,2,0,0,0,3895,0,0,National Informatics Centre,US,122,0,999,0,0,0,0,0,0,3,84312,13,0,0,0,0,0,0,6,1,4,0,4,,
https://mazagondock.in/,mazagondock.in,23,3.969,0,0,0,0,2788,0,0,Endurance Digital Domain Technology Private Limited,IN,133,0,999,0,0,0,0,0,0,0,143166,47,1,0,0,0,0,0,116,1,1,3,4,aabe5dc6165e8a8ec2ae9c0772bf7baa,dfa798177cfb8c29adc96e3d6cc1ee3c0a50fec081e0dc98f9a9ebc9255c8a92
https://bdl-india.in/,bdl-india.in,21,3.6538,0,0,0,0,2755,0,0,GoDaddy,IN,531,0,999,0,1,0,0,0,0,0,149900,40,0,1,0,0,0,0,164,1,1,3,2,45d3183aeeb198810b31c586a5d025c3,9d83ea01864b6ae9db8447dc259495a5f2be9f0a41fd003747b0ee17275029c2
,www.bhel.com,0,0.0,0,0,0,0,10322,0,0,PDR Ltd. d/b/a PublicDomainRegistry.com,IN,268,0,999,0,0,0,0,0,0,0,0,0,0,0,0,0,0,0,0,0,1,0,0,,
,www.isro.gov.in,0,0.0,0,0,0,0,7549,0,0,National Informatics Centre,,120,0,999,0,0,0,0,0,0,0,0,0,0,0,0,0,0,0,0,0,2,0,0,,
,sail.co.in,0,0.0,0,0,0,0,8267,0,0,Infocom Network Private Limited,IN,133,0,999,0,0,0,0,0,0,0,0,0,0,0,0,0,0,0,0,0,1,1,1,,
,grse.in,0,0.0,0,0,0,0,2779,0,0,GoDaddy,IN,1603,0,999,0,0,0,0,0,0,0,0,0,0,0,0,0,0,0,0,0,1,4,2,,
,www.aai.aero,0,0.0,0,0,0,0,8576,0,0,Tucows Domains Inc.,,189,0,999,0,0,0,0,0,0,0,0,0,0,0,0,0,0,0,0,0,2,0,0,,
,avnl.co.in,0,0.0,0,0,0,0,1500,0,0,Good Domain Registry Private Limited,IN,1056,0,999,0,0,0,0,0,0,0,0,0,0,0,0,0,0,0,0,0,1,1,4,,
,sbicard.com,0,0.0,0,0,0,0,9662,0,0,"CSC Corporate Domains, Inc.",IN,1660,0,999,0,0,0,0,0,0,0,0,0,0,0,0,0,0,0,0,0,1,1,6,,
,sbilife.co.in,0,0.0,0,0,0,0,8175,0,0,Endurance Digital Domain Technology Private Limited,IN,1686,0,999,0,0,0,0,0,0,0,0,0,0,0,0,0,0,0,0,0,2,3,2,,
,icicicareers.com,0,0.0,0,0,0,0,9313,0,0,PDR Ltd. d/b/a PublicDomainRegistry.com,,182,0,999,0,0,0,0,0,0,0,0,0,0,0,0,0,0,0,0,0,0,0,4,,
https://neepco.co.in/hi,neepco.co.in,23,3.5342,1,0,0,0,9999,0,0,,,0,0,999,0,1,0,0,0,0,0,128299,47,1,1,0,1,0,10,156,1,0,0,0,054f8c587100268e71000e8a9bd78493,2372b0bf0fbc2ba917855908249ca69c2686f4ed627888cb2c02a271d9a25ce5
,icicibank.com,0,0.0,0,0,0,0,10685,0,0,"Network Solutions, LLC",IN,270,0,999,0,0,0,0,0,0,0,0,0,0,0,0,0,0,0,0,0,1,1,9,,
,icicilombard.com,0,0.0,0,0,0,0,8864,0,0,"Network Solutions, LLC",IN,997,0,999,0,0,0,0,0,0,0,0,0,0,0,0,0,0,0,0,0,2,1,10,,
https://sbi.co.in/redirect/,sbi.co.in,27,3.736,1,0,0,0,9999,0,0,,,0,0,999,0,0,0,0,0,0,1,4102,1,0,0,0,0,0,0,1,1,0,0,0,,
,hdfcbank.com,0,0.0,0,0,0,0,10417,0,0,PDR Ltd. d/b/a PublicDomainRegistry.com,,540,0,999,0,0,0,0,0,0,0,0,0,0,0,0,0,0,0,0,0,2,1,2,,
,hdfc.com,0,0.0,0,0,0,0,9868,0,0,PDR Ltd. d/b/a PublicDomainRegistry.com,,357,0,999,0,0,0,0,0,0,0,0,0,0,0,0,0,0,0,0,0,2,1,2,,
,pnbindia.in,0,0.0,0,0,0,0,7548,0,0,MPS Infotecnics Limited,IN,1947,0,999,0,0,0,0,0,0,0,0,0,0,0,0,0,0,0,0,0,1,0,4,,
https://netpnb.com/,netpnb.com,19,3.5369,0,0,0,0,8826,0,0,PDR Ltd. d/b/a PublicDomainRegistry.com,IN,2130,0,999,0,0,0,0,0,0,0,1801,1,0,0,0,0,0,0,1,1,1,1,4,d19dbdd7121c97de378c30b401833361,ad65a56c9eed9f87017a91c1951a47bf9c6ee6aa9e0808f33c6cba707d60dca6
,email.gov.in,0,0.0,0,0,0,0,3221,0,0,National Informatics Centre,IN,65,0,999,0,0,0,0,0,0,0,0,0,0,0,0,0,0,0,0,0,1,0,3,,
,kavach.mail.gov.in,0,0.0,0,0,0,0,6604,0,0,National Informatics Centre,IN,335,0,999,0,0,0,0,0,0,0,0,0,0,0,0,0,0,0,0,0,1,0,0,,
,dc.crsorgi.gov.in,0,0.0,0,0,0,0,4256,0,0,National Informatics Centre,IN,126,0,999,0,0,0,0,0,0,0,0,0,0,0,0,0,0,0,0,0,1,0,0,,
,irctc.co.in,0,0.0,0,0,0,0,8535,0,0,GoDaddy,IN,595,0,999,0,0,0,0,0,0,0,0,0,0,0,0,0,0,0,0,0,1,3,6,,
,accounts.mgovcloud.in,0,0.0,0,0,0,0,578,0,0,"MarkMonitor, Inc.",IN,151,0,999,0,0,0,0,0,0,0,0,0,0,0,0,0,0,0,0,0,1,0,0,,
https://irctc.com/,irctc.com,18,3.3774,0,0,0,0,8543,0,0,PDR Ltd. d/b/a PublicDomainRegistry.com,IN,587,0,999,0,2,0,0,0,0,3,206185,135,2,0,0,0,0,0,185,1,1,1,2,86aac2c81e17e40a04ec62c7930e2b8b,f82398f8d02486e74958f58feb3d66aa0a9403436ccf853131c17fc3124fde2d
,airtel.in,0,0.0,0,0,0,0,7589,0,0,GoDaddy,IN,3002,0,999,0,0,0,0,0,0,0,0,0,0,0,0,0,0,0,0,0,1,15,2,,
https://validate.perfdrive.com/?ssa=43a7fe32-1d41-43e2-8401-700facc1c1d3&ssb=91850231325&ssc=https%3A%2F%2Fwww.ntpc.co.in%2F&ssi=a800134a-cs5n-42bf-acb3-dcc3518205ac&ssk=botmanager_support@radware.com&ssm=41491386411128563104013611643730&ssn=45a4a77375442f2349a1dd68f0e393a5b3d7b4a9eb52-7bf1-4631-ade107&sso=1b7112ad-5d095ee66232c11159bdb8311479280563b61bdcc39ada1c&ssp=41911541691760638051176068086498641&ssq=20674338550012175498885500150858021684209&ssr=MTM2LjIzMi4xNTUuMTc4&sst=IC05-Prober/1.0%20(+https://example)&ssu=&ssv=&ssw=&ssx=eyJyZCI6Im50cGMuY28uaW4iLCJfX3V6bWYiOiI3ZjkwMDBiNGE5ZWI1Mi03YmYxLTQ2MzEtYTJhZC01ZDA5NWVlNjYyMzIxLTE3NjA2ODU1MDA2NzAwLTAwMTQyN2Q1OGM1YWQ3MDI3ZjgxMCIsInV6bXgiOiI3ZjkwMDAxN2YyNjljYy0yZjFjLTRhNGMtOTQyNy1jM2RkYTM5YjhiNzExLTE3NjA2ODU1MDA2NzAwLTA3Y2Q4Y2YxYmZhMDk4NDIxMCJ9,ntpc.co.in,801,5.6411,1,0,1,0,9999,0,0,,,0,0,999,0,1,0,0,0,0,0,17905,0,2,1,0,0,0,0,13,1,0,0,0,4b79b212df634bbbcffd46231c4131ab,2ce57bac519aa467d82275e83255b816ccb4a109e3e2a7cae799ba8cb7a388cf
https://bankofindia.bank.in/,bankofindia.co.in,28,3.7265,1,0,0,0,9999,0,0,,,0,0,999,0,2,0,0,0,0,4,1108131,135,2,1,1,1,0,55,265,1,0,0,0,26f92866e5a2ed2e8bd52c3e1b485a72,3e1b135ef36f54d86877f026160ff70fbfa1802450919187fef4ab45bcd52571
https://gridcontroller.in/lander,gridcontroller.in,32,3.9056,0,0,0,0,9999,0,0,,,0,0,999,0,0,0,0,0,0,0,13313,0,2,0,0,0,0,0,23,1,0,0,0,,
https://bankofbaroda.bank.in/,bankofbaroda.in,29,3.8144,1,0,0,0,9999,0,0,,,0,0,999,0,0,0,0,0,0,4,1156648,186,4,1,1,0,0,25,144,1,0,0,0,c58b510450ac28d43a5cf4eb948263d2,2a7e9439fbab1db8e211dd7f98f8b5e174a89e5a240b7d86b44de20a167d2675
https://www.npcil.nic.in/Content/Hindi/index.aspx,npcil.nic.in,49,3.9355,2,0,0,0,9999,0,0,,,0,0,999,0,1,0,0,0,0,0,121893,39,0,0,0,1,0,10,51,1,0,0,0,aeff32ed31b47f1faba98c43d979d919,0ed1aee9f948947f66467544558f536bafa73736a7db76fe0e82d1c9f61400f9
https://www.kotak.com/en/home.html,kotak.com,34,3.8,1,0,0,0,9999,0,0,,,0,0,999,0,0,0,0,0,0,2,846160,117,1,0,0,0,0,0,210,1,0,0,0,03283dc7a2bf4938124f26720adf2133,b89c2039545626b4c0c622c9e6889d44a0a515f9c2e46b928464b034156614f6
https://www.idbi.bank.in/,idbibank.in,25,3.6431,2,0,0,0,9999,0,0,,,0,0,999,0,0,0,0,0,0,3,174526,367,0,0,0,0,0,0,85,1,0,0,0,24f8a597e80870fc7b012a211e92c7bc,7574656a9d32fe465a5801645e9a5ff547da76018ae49cc8050bdbab67cae501
https://www.indusind.bank.in/,indusind.com,29,3.7194,2,0,0,0,9999,0,0,,,0,0,999,0,1,0,0,0,0,3,799847,320,5,0,0,0,0,0,165,1,0,0,0,3e0128a2aa4373f513f7b55822fe9be0,3e61d1f05513278bc00ed7cfcfbbecb9727ddae4a22b0a86c22c649d6d24eeb3
https://bsnl.co.in/,bsnl.co.in,19,3.5766,1,0,0,0,9999,0,0,,,0,0,999,0,0,0,0,0,0,1,51224,29,1,0,0,0,0,0,77,1,0,0,0,4ce93e381c6d17a785db3af5ff5b40c5,6bf580989888cf919774834e4eb53393a3313d22f21df716a8c9ede2626d71cc
https://www.paytm.bank.in/,paytmbank.com,26,3.7381,2,0,0,0,9999,0,0,,,0,0,999,0,0,0,0,0,0,3,84124,6,1,1,0,0,0,0,88,1,0,0,0,2414c460ed4a76e3ace3342cbd1dcba6,8d836aa7b9b99297d9736f254778b4641c146f8a41f7611d1ee038fa15d5acf8
https://www.railtel.in/hi/,railtelindia.com,26,3.6133,1,0,0,0,9999,0,0,,,0,0,999,0,0,0,0,0,0,0,69749,45,0,0,0,0,0,0,65,1,0,0,0,94aab00ff05daca6f7342c2e77976fc0,99010d26167b46431be516f3ce16d4c25d64a24ff32fdb345ce91d773041c949
https://sarathi.parivahan.gov.in/sarathiservice/,parivahan.gov.in,48,3.7772,2,0,0,0,9999,0,0,,,0,0,999,0,0,0,0,0,0,0,558,0,0,0,0,0,0,0,1,1,0,0,0,b1a80586028bf3ef0656623f667dbdaf,d246a82476325c60bcc26749e65b1dda1bc7dcc007a033de7fc0541a1f66dfa5
https://www.eci.gov.in/,eci.gov.in,23,3.7294,2,0,0,0,9999,0,0,,,0,0,999,0,0,0,0,0,0,0,290,0,0,0,0,0,0,0,0,0,0,0,0,,
https://incometaxindia.gov.in/Pages/default.aspx,incometaxindia.gov.in,48,4.2385,1,0,0,0,9999,0,0,,,0,0,999,0,1,0,0,0,0,3,262221,266,0,1,0,1,1,45,57,1,0,0,0,,
https://voters.eci.gov.in/,nvsp.in,26,3.7672,2,0,0,0,9999,0,0,,,0,0,999,0,0,0,0,0,0,0,39108,0,0,0,0,0,0,0,0,0,0,0,0,1bd70df39a9b1de89a2b40d414e72bf0,d01690b0761f949711a08478dc3b5476f0d209bddf87f5c50800f8aea26eebc0
https://hal-india.co.in/home,hal-india.co.in,28,3.9408,1,0,0,0,9999,0,0,,,0,0,999,0,1,0,0,0,0,1,192286,172,4,0,0,0,0,0,132,1,0,0,0,d72a7714ea5666ffa61401ba0a506e2d,197bea4c4e175b47bff08512d9c969512a3883795acbeebeddd30f19456e16dd
https://bel-india.in/,bel-india.in,21,3.749,0,0,0,0,9999,0,0,,,0,0,999,0,2,0,0,0,0,0,335705,37,1,1,1,0,0,45,75,1,0,0,0,884dd1f45ffcd003187c7e52213ea6d2,5a010831d6188feee9344252c47c9fdadafd4d251d5d8451e926241ac34f8f47
https://epay.sbi.bank.in/secure/home,sbiepay.sbi,36,4.0724,2,0,0,0,9999,0,0,,,0,0,999,0,0,0,0,0,0,5,279247,5,0,1,0,0,0,0,77,1,0,0,0,7b8828c49b40257f80b3b6539a2c9813,da3c823e069dc5bf6c6457d0972d4b6f7af559d3c582ed24de39889b10b64554
https://yonobusiness.sbi.bank.in/,yonobusiness.sbi,33,3.7526,2,0,0,0,9999,0,0,,,0,0,999,0,1,0,0,0,0,4,488534,136,0,0,0,0,0,0,68,1,0,0,0,80be62cfbc68f6b69b88d976561e618f,014856b93a0a6979335689a62db1807cb58ba8fa36d7577e93be884d92d92727
https://onlinesbi.sbi.bank.in/,onlinesbi.sbi,30,3.6729,2,0,0,0,9999,0,0,,,0,0,999,0,1,0,0,0,0,4,65657,146,0,1,0,0,0,20,47,1,0,0,0,b644d3f1011397ff7eca1e98547d64d9,873751662cd96310ceaf48e9552aa8ee72608a1d61c1dec8cd1f92c5902f1118
https://icicidirect.com/login.aspx?ReturnUrl=%2f,icicidirect.com,48,4.52,0,0,0,0,9999,0,0,,,0,0,999,0,0,0,0,0,0,3,95557,47,0,0,0,0,0,0,25,1,0,0,0,1cc13d8dfd549d79a1855cbf658bc191,763307067e5234e413caeeeeae42948eb5fa143cf6434e6270ffd5df015525b6
https://www.iciciprulife.com/,iciciprulife.com,29,3.8833,1,0,0,0,9999,0,0,,,0,0,999,0,0,0,0,0,0,0,296,0,0,0,0,0,0,0,0,0,0,0,0,,
https://www.hdfclife.com/,hdfclife.com,25,3.8635,1,0,0,0,9999,0,0,,,0,0,999,0,21,0,6,0,0,4,1553207,104,5,1,0,1,0,30,200,1,0,0,0,2377e7cc2d8a342365ee174b2021fc58,99577e6bd0b830a3c0ec4b2144a8bf953101d5acf245ce362da5e03fbc460b39
https://www.hdfcergo.com/,hdfcergo.com,25,3.8635,1,0,0,0,9999,0,0,,,0,0,999,0,5,0,0,0,0,4,825069,139,3,1,0,1,0,30,112,1,0,0,0,d6a4c3c37777ca43212bb93cfde6bb40,b4bbd70dbeacbe44b618e99c9dcf8c10a66c165de294b0759182a49f248a104d
https://www.nic.gov.in/,nic.gov.in,23,3.6425,2,0,0,0,9999,0,0,,,0,0,999,0,0,0,0,0,0,0,292,0,0,0,0,0,0,0,0,0,0,0,0,,
https://kavach.mail.gov.in/mfid/secureLogin_showSecureLogin.action#!,mail.gov.in,68,4.556,2,0,0,0,9999,0,0,,,0,0,999,0,3,1,0,0,0,3,19400,2,0,0,0,0,0,0,16,1,0,0,0,28d19c17047b8cff14081cded0b0e30b,7bc0c5ee21d19dbe7a2b8e95f2056c7e46ae89049b7fe8ca85a14bf2d14c66a7
https://feba.bobibanking.com/default.htm,bobibanking.com,40,4.2153,1,0,0,0,9999,0,0,,,0,0,999,0,1,0,0,0,0,4,254229,698,0,0,0,0,0,0,25,1,0,0,0,3aa9106890a152e3d3c07d513f995bac,11d149dace6b15dbf5d71a73f89ca802402ac410641d6326952b18c303def406
https://dc.crsorgi.gov.in/crs/,crsorgi.gov.in,30,3.7396,2,0,0,0,9999,0,0,,,0,0,999,0,0,0,0,0,0,1,115390,5,0,0,0,0,0,0,44,1,0,0,0,8822e5658cbce6f26b84fd646ef99fe4,fb1afd27f65def3a5729d991ec0e15fee1e94b23bc33d302ff234dda6f76763a
https://accounts.mgovcloud.in/signin?servicename=AaaServer&serviceurl=https%3A%2F%2Faccounts.mgovcloud.in%2Fhome,mgovcloud.in,112,4.6204,1,0,0,0,9999,0,0,,,0,0,999,0,7,2,0,0,0,4,107793,14,0,0,0,1,0,10,57,1,0,0,0,7509906d12d99604850a7a18f0683380,d409aa1654cf67e8bf1f93bd91cb31034a1d84ed19e5877067ed019ba04cb5e1
https://www.airtel.com/,airtel.com,23,3.8164,1,0,0,0,9999,0,0,,,0,0,999,0,0,0,0,0,0,0,6281,12,1,0,0,0,0,0,17,1,0,0,0,6f9b1e4969dddd01f71a3faf24c4b3e8,467843f364d4f3f21c75b6a5272682e12e2f346b39977d6f95d4ce0878a99306
